id,name,value
1,Megan,701
2,Katherine,736
3,Robert,485
4,Jonathan,833
5,William,26
6,Richard,52
7,Kristen,960
8,Kevin,270
9,Thomas,744
10,Brandy,488
11,Rebecca,586
12,William,293
13,Juan,604
14,Katelyn,459
15,Christine,34
16,John,274
17,Renee,324
18,Tonya,564
19,Lisa,172
20,Rachel,339
21,Kyle,801
22,Jessica,345
23,Rachel,770
24,Gabriella,553
25,Thomas,262
26,Craig,441
27,Ryan,937
28,Cheryl,474
29,Robin,691
30,Tammy,878
31,Thomas,658
32,Michelle,331
33,Jorge,507
34,Linda,46
35,Ana,288
36,Alexis,53
37,Jennifer,380
38,Raymond,10
39,Mallory,902
40,Elizabeth,412
41,Aaron,157
42,Tristan,865
43,Mikayla,56
44,John,524
45,Mark,290
46,Monica,374
47,James,798
48,Ashley,158
49,John,762
50,Tammy,707
51,Linda,698
52,Seth,311
53,Christopher,600
54,Luke,431
55,William,229
56,Sarah,249
57,Daniel,760
58,Andrea,318
59,Jasmine,10
60,Amy,689
61,Lisa,543
62,Amber,878
63,Tamara,299
64,Carrie,120
65,Briana,993
66,Sean,558
67,Caitlyn,241
68,Paul,938
69,Barbara,534
70,Kelly,866
71,Jaime,400
72,Jacob,656
73,Chloe,704
74,Diane,67
75,Thomas,358
76,Christopher,885
77,Katherine,670
78,Nancy,85
79,Sandra,812
80,Megan,325
81,Rachael,461
82,Sandra,994
83,Amber,634
84,Peter,228
85,Janet,372
86,Joshua,474
87,Lisa,486
88,Melissa,291
89,Patty,182
90,Brittany,368
91,Stephanie,949
92,Bethany,94
93,Shannon,239
94,Donna,548
95,Wendy,283
96,Sabrina,150
97,Laura,459
98,Christopher,326
99,Chloe,826
100,Tom,105
